מספר נייר,שם עברי, שווי שוק עכשווי ,מכפיל רווח רוב,מכפיל מכירות,מכפיל הון רוב,סהכ הכנסות,שעור רווח נקי רוב,שעור רווח תפעולי, הון רשום למסחר ,ענף פעילות, סך המאזן , הון עצמי ,הון למאזן, רווח תפעולי , רווח לפני מס , רווח נקי , דיבידנד ,תשואת דיבידנד,תשואה חודש,תשואה 3 חודשים ז.א,תשואה חצי שנה,תשואה שנה,תשואה 3 שנים,תכמ חודש,סטיית תקן חודש,שער מינ חודש,שער מקס חודש,יחסי למינ חודש,יחסי מקס חודש,שער בסיס חודש
126011,ג'י סיטי," 1,713 ",-2.22,0.7,0.37,2455000,-31.41,13.77," 186,160,846 ",נדלן ובניה," 38,512,000 "," 11,432,000 ",29.6843," 338,000 "," -636,000 "," -836,000 "," 196,878 ",,-14.18%,-18.82%,-21.66%,-17.46%,-58.88%,5238,31.99%,880,1101,4.55%,-16.44%,1072
156018,מלם תים," 1,334 ",20.42,0.4,2.09,3306637,1.98,5.01," 21,895,230 ",טכנולוגיה," 2,450,393 "," 633,052 ",25.8347," 165,695 "," 79,506 "," 67,027 "," 54,738 ",2.37,-1.06%,20.54%,26.26%,1.52%,-36.96%,767,25.11%,5965,6587,2.16%,-7.48%,6159
161018,וואן טכנולוגיות," 3,593 ",18.9,0.95,5.28,3763063,5.05,7.29," 71,524,092 ",טכנולוגיה," 2,163,339 "," 707,256 ",32.6928," 274,140 "," 259,186 "," 199,786 "," 89,852 ",3.4,-1.53%,3.31%,7.52%,12.14%,25.76%,3049,28.82%,4817.02,5485.5,4.30%,-8.41%,5102.24
224014,כלל עסקי ביטוח," 4,823 ",13.78,0.19,0.55,24919000,1.4,," 79,072,966 ",ביטוח," 164,765,000 "," 8,817,000 ",5.3513,," 567,000 "," 353,000 ",,,-3.89%,-13.68%,8.04%,14.05%,-9.42%,6500,30.86%,5645,6462,8.06%,-5.60%,6305
226019,מבנה," 6,572 ",23.82,5.47,0.81,1201483,22.96,55.24," 755,388,828 ",נדלן ובניה," 18,976,536 "," 8,152,189 ",42.9593," 663,661 "," 365,002 "," 280,188 "," 255,435 ",3.62,-5.75%,-8.92%,-9.84%,-2.18%,-0.46%,9860,23.44%,827.3,950.9,5.77%,-7.98%,915
230011,בזק," 12,451 ",10.61,1.38,4.98,9050000,12.96,19.34," 2,766,904,049 ",מסחר ושרותים," 15,549,000 "," 2,499,000 ",16.0718," 1,750,000 "," 1,525,000 "," 1,173,000 "," 240,000 ",4.36,-0.40%,-3.86%,-4.01%,-1.02%,35.52%,24225,20.44%,435,466.9,3.91%,-3.19%,448.8
232017,ישראמקו     יהש," 4,326 ",8.59,3,1.85,387941,34.91,69.51," 2,590,457,029 ",חיפושי נפט וגז," 1,366,502 "," 627,604 ",45.9278," 269,659 "," 177,344 "," 135,414 ",,7.96,1.14%,-0.99%,19.35%,43.72%,177.08%,7754,23.22%,156,170,7.05%,-1.76%,166
256016,פורמולה מערכות," 4,385 ",18.01,0.45,1.87,2648905,2.47,9.1," 15,332,667 ",טכנולוגיה," 2,808,185 "," 1,306,110 ",46.5108," 241,159 "," 214,307 "," 65,489 ",,1.69,5.30%,2.75%,24.57%,12.83%,-0.54%,6963,35.16%,26950,31740,6.12%,-9.89%,27160
258012,תדיראן גרופ," 1,884 ",30.29,1,3.82,1891458,3.29,5.7," 8,586,001 ",מסחר ושרותים," 1,607,870 "," 493,334 ",30.6825," 107,752 "," 85,654 "," 62,211 "," 66,700 ",1.95,-17.27%,-24.00%,3.94%,-14.80%,-40.25%,3592,47.12%,20970,26750,4.63%,-17.98%,26520
273011,נייס," 43,381 ",31.73,4.73,3.38,2464958,14.92,18.68," 62,870,669 ",טכנולוגיה," 5,046,578 "," 3,458,301 ",68.5276," 460,408 "," 490,920 "," 367,733 ",,,-15.32%,-22.65%,-5.67%,-13.42%,-5.23%,88404,43.93%,69310,85090,-0.16%,-18.67%,83380
281014,איי.סי.אל," 23,203 ",13.11,0.88,1.08,7121000,6.68,12.92," 1,289,774,719 ",תעשיה," 11,486,000 "," 6,044,000 ",52.6206," 920,000 "," 720,000 "," 476,000 ",,4.99,1.47%,-6.92%,-3.28%,-9.11%,-11.08%,29933,25.28%,1691,1841,12.54%,3.37%,1706
288019,סקופ," 1,463 ",9.98,0.88,1.42,1654726,8.86,12.71," 12,191,549 ",מסחר ושרותים," 2,157,618 "," 1,027,366 ",47.6158," 210,380 "," 195,470 "," 146,559 "," 126,440 ",,-5.29%,1.37%,21.27%,-6.76%,29.29%,3717,17.83%,11830,12960,1.44%,-7.41%,12670
314013,דנאל," 1,990 ",-157.31,0.77,3.99,2569895,-0.49,2.72," 5,844,389 ",מסחר ושרותים," 1,329,242 "," 513,116 ",38.6022," 69,942 "," 27,859 "," -14,354 "," 105,454 ",1.1,0.24%,-1.71%,16.93%,63.47%,-39.46%,5469,21.28%,32700,35760,4.13%,-4.78%,33970
323014,מליסרון," 12,931 ",11.64,7.07,1.21,1828000,60.78,101.81," 47,521,792 ",נדלן ובניה," 28,745,000 "," 11,183,000 ",38.9042," 1,861,000 "," 1,453,000 "," 1,128,000 "," 60,000 ",4.38,-4.36%,-9.54%,-3.47%,10.81%,21.14%,17332,18.41%,23595.4,26366.08,19.51%,6.96%,25482.24
328013,פריורטק," 2,351 ",24.43,19.78,2.63,31962,80.99,," 11,748,016 ",טכנולוגיה," 314,027 "," 246,272 ",78.4238,," 28,975 "," 28,934 "," 5,000 ",3.05,26.80%,29.76%,64.84%,182.61%,126.74%,6911,34.69%,15810,20360,26.57%,-1.72%,15970
354019,טלסיס," 1,809 ",15.02,3.45,5.53,523718,23,35.59," 9,050,297 ",טכנולוגיה," 451,066 "," 327,741 ",72.6592," 186,385 "," 181,478 "," 164,571 "," 52,400 ",6.74,-8.14%,-24.13%,-6.34%,-14.28%,85.08%,3773,58.19%,16560,21890,20.71%,-8.68%,21500
368019,אלקטריאון," 2,564 ",-32.68,88.21,22.34,29069,-269.94,-276.31," 12,612,824 ",טכנולוגיה," 140,461 "," 114,775 ",81.7131," -80,322 "," -78,468 "," -78,468 ",,,10.39%,63.47%,154.36%,173.45%,-22.69%,26854,87.82%,17660,23340,15.12%,-12.90%,18290
373019,אאורה," 3,568 ",20.31,3.2,3.59,1115883,15.75,17.64," 279,195,670 ",נדלן ובניה," 3,308,344 "," 1,011,213 ",30.5655," 196,831 "," 177,613 "," 176,555 "," 8,000 ",1,-13.05%,-4.75%,37.70%,142.96%,321.36%,7616,23.87%,1263,1515,1.19%,-15.64%,1471
390013,אלוני חץ," 4,371 ",-1.74,-5.75,0.94,-760337,,," 179,722,472 ",נדלן ובניה," 38,453,745 "," 10,698,776 ",27.8225,," -2,181,108 "," -2,282,206 "," 292,482 ",4.93,-0.02%,-4.28%,-1.66%,-9.13%,-40.77%,13204,34.82%,2311,2712.59,5.24%,-10.34%,2450.56
394015,רציו      יהש," 3,091 ",6.64,2.78,1.96,299482,41.79,70.8," 1,123,871,146 ",חיפושי נפט וגז," 1,194,206 "," 425,027 ",35.5908," 212,038 "," 164,022 "," 125,168 ",,5.89,-7.81%,3.04%,1.95%,6.78%,134.48%,5759,28.26%,262.6,299.7,4.72%,-8.24%,298.3
400010,דוניץ," 1,705 ",799.87,5.96,1.7,286122,0.74,7.63," 8,971,133 ",נדלן ובניה," 1,971,107 "," 1,007,589 ",51.1179," 21,831 "," 4,394 "," 2,122 "," 74,329 ",4.95,-8.70%,-6.88%,3.61%,12.34%,41.74%,1482,29.92%,18280,21510,3.94%,-11.67%,20810
416016,וילאר," 2,466 ",10.04,7.79,0.77,316456,77.62,97.56," 17,717,618 ",נדלן ובניה," 4,595,973 "," 3,228,141 ",70.2385," 308,728 "," 317,568 "," 249,368 "," 30,000 ",1.4,-11.39%,-5.87%,-8.24%,-1.91%,-10.88%,808,25.75%,13810,16200,0.80%,-14.07%,15710
431015,אייאיאס," 1,160 ",16.69,16.64,0.76,69714,99.7,78.52," 5,739,099 ",נדלן ובניה," 1,828,161 "," 1,519,391 ",83.1103," 54,742 "," 83,305 "," 69,505 "," 7,905 ",0.47,-1.46%,-13.13%,-1.58%,-26.63%,-4.50%,1067,19.45%,19980,22200,1.15%,-8.96%,20510
434019,ישראל קנדה," 4,206 ",33.84,6.67,1.89,630990,19.7,23.61," 322,565,629 ",נדלן ובניה," 8,628,209 "," 3,054,464 ",35.4009," 148,985 "," 188,271 "," 162,007 "," 56,000 ",0.55,-8.30%,-8.80%,36.33%,79.99%,-1.76%,5040,36.48%,1250,1494,4.32%,-12.72%,1422
445015,מטריקס," 4,681 ",19.9,0.87,4.55,5394665,4.36,7.46," 63,522,076 ",טכנולוגיה," 4,089,478 "," 1,083,410 ",26.4926," 402,632 "," 334,704 "," 252,931 "," 155,601 ",4.39,-2.20%,-2.87%,4.34%,7.38%,-2.46%,4973,20.97%,7264,7999,2.70%,-6.74%,7535
475020,ניו-מד אנרג יהש," 11,034 ",6.84,3.22,1.89,920741,47.14,72.21," 1,173,814,691 ",חיפושי נפט וגז," 3,903,977 "," 1,573,892 ",40.3151," 664,835 "," 577,413 "," 434,073 "," 250,000 ",4.98,-5.04%,-2.42%,-1.91%,-7.61%,141.30%,8400,17.12%,911,980.3,4.72%,-2.68%,965
566018,מנורה מב החז," 5,217 ",7.71,0.38,0.8,13783271,4.91,," 61,958,603 ",ביטוח," 71,651,505 "," 6,680,676 ",9.3238,," 1,059,447 "," 704,291 "," 100,000 ",4.46,5.35%,-4.06%,8.76%,27.84%,74.36%,8719,25.40%,8871,9574,-5.08%,-12.05%,9041
576017,חברה לישראל," 6,889 ",8.5,0.26,0.67,7173000,3.04,12.07," 7,570,147 ",השקעות ואחזקות," 12,768,000 "," 6,370,000 ",49.8904," 866,000 "," 713,000 "," 527,000 ",,1.83,-0.66%,-5.15%,-4.05%,-5.64%,-12.25%,7642,33.73%,85470,94350,6.47%,-3.55%,87500
585018,הראל השקעות," 6,672 ",8.97,0.25,0.76,26907000,2.77,," 206,884,729 ",ביטוח," 146,344,000 "," 8,807,000 ",6.018,," 1,046,000 "," 755,000 "," 400,000 ",4.54,-5.90%,-5.21%,21.06%,14.79%,10.52%,9977,23.75%,3066,3520,6.00%,-7.67%,3374
593038,בינלאומי," 15,110 ",7.16,1.27,1.22,11943000,17.67,26.69," 100,330,040 ",בנקים," 225,941,000 "," 12,952,000 ",5.7325," 3,187,000 "," 3,187,000 "," 2,199,000 "," 1,085,000 ",3.72,3.43%,-0.87%,2.53%,9.71%,70.79%,28168,19.29%,14330,15140,6.84%,1.12%,14560
604611,לאומי," 46,287 ",5.24,1.11,0.81,41548000,21.25,31.73," 1,522,610,383 ",בנקים," 753,673,000 "," 57,133,000 ",7.5806," 13,185,000 "," 13,185,000 "," 8,831,000 "," 2,907,241 ",3.89,6.52%,4.18%,11.60%,22.35%,35.99%,138529,18.32%,2860,3094,7.52%,-0.61%,2882
612010,הכשרת הישוב," 1,267 ",27.91,1.32,0.81,961388,4.72,15.89," 40,459,748 ",נדלן ובניה," 9,310,506 "," 2,846,658 ",30.5747," 152,787 "," 48,566 "," 20,637 "," 46,000 ",4.51,-3.75%,-4.12%,1.11%,26.44%,-19.26%,1641,32.03%,2986,3297,4.86%,-5.03%,3253
613034,ישרס," 3,741 ",-2626.4,,0.99,,,," 5,154,782 ",נדלן ובניה," 2,121,613 "," 1,087,057 ",51.2373,,,,,6.29,0.99%,0.62%,3.01%,15.16%,14.80%,3374,25.17%,67250,75340,7.91%,-3.68%,71860
627034,דלתא גליל," 4,290 ",13.2,0.62,1.57,1866004,4.69,8.39," 25,904,283 ",תעשיה," 1,819,837 "," 764,602 ",42.0149," 156,503 "," 118,215 "," 94,375 ",,2.2,-0.87%,-4.18%,15.20%,23.95%,48.73%,2568,22.30%,15444.74,16944.52,7.22%,-2.27%,16706.14
629014,טבע," 71,897 ",-41.95,1.21,2.66,16021000,-2.88,20.9," 1,132,592,397 ",ביומד," 42,773,000 "," 7,543,000 ",17.635," 3,348,000 "," -799,000 "," -460,000 ",,,18.67%,32.82%,72.25%,127.63%,81.51%,105332,47.21%,5125,6297,25.07%,1.79%,5174
642017,לפידות קפיטל," 3,307 ",13.81,0.45,1.52,7380408,3.24,6.18," 61,865,841 ",השקעות ואחזקות," 7,997,664 "," 3,448,729 ",43.1217," 455,792 "," 492,291 "," 384,112 "," 80,000 ",1.34,-8.79%,-7.78%,-2.61%,-6.51%,46.33%,723,25.47%,5260,6166,1.62%,-13.31%,5860
643015,נפטא," 1,867 ",6.14,0.9,1.47,2069082,14.69,64.14," 94,166,944 ",חיפושי נפט וגז," 6,216,187 "," 3,158,533 ",50.8114," 1,327,121 "," 927,415 "," 706,414 "," 400,000 ",19.82,5.37%,2.04%,12.45%,28.44%,110.19%,1432,21.29%,1822,1983,8.84%,0.00%,1882
662577,פועלים," 46,177 ",6.33,1.19,0.85,38791000,18.79,29.04," 1,337,682,310 ",בנקים," 665,893,000 "," 54,048,000 ",8.1166," 11,263,000 "," 11,263,000 "," 7,290,000 "," 1,478,800 ",6.99,3.27%,2.29%,10.60%,21.25%,39.19%,119475,19.75%,3194.06,3418,11.68%,4.36%,3292.37
691212,דיסקונט       א," 26,435 ",6.65,1.02,0.9,26024000,15.27,23.85," 1,237,011,293 ",בנקים," 390,097,000 "," 30,227,000 ",7.7486," 6,206,000 "," 6,206,000 "," 4,010,000 "," 446,800 ",4.15,1.33%,4.51%,8.26%,11.56%,27.93%,71394,19.67%,1790.18,1913.54,19.37%,11.68%,1874.07
694034,אלקו," 2,835 ",-8.26,0.15,1.28,18964634,-1.81,0.27," 26,921,067 ",השקעות ואחזקות," 24,833,225 "," 5,084,080 ",20.4729," 50,866 "," -444,923 "," -560,694 "," 70,000 ",1.54,-6.57%,-19.55%,-0.14%,-18.38%,-39.80%,2186,21.04%,10210,11420,3.13%,-7.79%,11270
695437,מזרחי טפחות," 39,983 ",8.3,1.48,1.4,27039000,17.81,28.59," 258,285,844 ",בנקים," 450,683,000 "," 29,868,000 ",6.6273," 7,730,000 "," 7,730,000 "," 4,982,000 "," 1,507,300 ",2.55,1.03%,-1.95%,4.10%,19.26%,54.98%,79306,21.07%,12958.87,13737.38,19.45%,12.69%,13353.05
699017,נכסים ובנין," 1,292 ",-2.34,0.86,0.38,1501000,-36.71,16.86," 7,383,332 ",נדלן ובניה," 22,354,000 "," 6,122,000 ",27.3866," 253,000 "," -48,000 "," -420,000 "," 100,000 ",6.21,-8.28%,-14.17%,6.47%,7.77%,-54.40%,2775,34.35%,16670,20320,4.98%,-13.88%,19320
715011,אזורים," 3,344 ",19.55,2.39,1.59,1399782,12.22,24.16," 210,981,898 ",נדלן ובניה," 7,158,665 "," 2,108,775 ",29.4577," 338,178 "," 247,075 "," 171,011 "," 40,000 ",1.04,-6.05%,-16.75%,8.90%,72.29%,25.26%,2354,34.22%,1505,1757,5.32%,-9.79%,1687
720011,אנלייט אנרגיה," 7,819 ",33.02,7.64,1.79,275105,23.15,35.97," 118,465,215 ",טכנולוגיה," 4,633,460 "," 1,443,409 ",31.1519," 98,946 "," 115,197 "," 63,693 ",,,5.25%,4.44%,0.88%,-4.07%,-2.67%,17014,30.68%,6109,6865,8.33%,-3.60%,6090
739037,אלקטרה," 5,144 ",22.85,0.44,3.06,11640970,1.93,3.93," 3,838,483 ",השקעות ואחזקות," 11,085,664 "," 1,976,987 ",17.8337," 457,881 "," 354,508 "," 257,192 "," 80,000 ",1.54,-7.67%,-14.44%,-6.55%,-15.60%,-25.22%,7447,28.68%,125710,145750,6.59%,-8.06%,142420
746016,שטראוס," 7,379 ",23.96,1.08,2.55,6808000,4.52,8.31," 116,564,964 ",תעשיה," 8,654,000 "," 3,196,000 ",36.9309," 566,000 "," 466,000 "," 379,000 "," 290,000 ",3.34,-12.79%,-11.56%,-12.70%,-26.25%,-29.78%,10197,26.34%,6027,7007,5.03%,-9.66%,6980
755017,אקויטל," 3,706 ",9.6,1.18,0.67,3134282,12.31,61.45," 36,331,037 ",השקעות ואחזקות," 24,943,189 "," 13,058,449 ",52.3528," 1,926,106 "," 1,378,904 "," 1,030,528 ",,,6.40%,-9.45%,-0.29%,13.50%,17.24%,2540,32.66%,10030,10990,1.69%,-7.19%,10000
763011,פיבי," 5,566 ",5.2,0.58,1.02,9563000,11.19,34.83," 35,452,640 ",בנקים," 208,149,000 "," 11,827,000 ",5.682," 3,331,000 "," 3,331,000 "," 2,294,000 "," 519,500 ",6.71,3.67%,-0.40%,0.00%,14.97%,61.04%,4902,19.32%,15140,15980,3.70%,-1.75%,15240
767012,הפניקס," 10,211 ",9.7,0.36,0.97,28188040,3.73,," 252,753,536 ",ביטוח," 158,078,292 "," 10,899,906 ",6.8953,," 1,553,804 "," 1,166,382 "," 621,000 ",3.88,-1.34%,-4.64%,3.04%,-2.23%,36.85%,13275,18.13%,3447,3756,17.20%,7.56%,3590
777037,שופרסל," 6,310 ",18.84,0.41,1.87,15249000,2.2,4.06," 265,689,138 ",מסחר ושרותים," 15,197,000 "," 3,475,000 ",22.8664," 619,000 "," 474,000 "," 346,000 "," 140,000 ",2.69,-1.61%,-0.18%,49.24%,33.15%,-4.00%,34762,34.53%,2360,2571,1.99%,-6.38%,2490
829010,דלק רכב," 1,844 ",16.42,0.32,1.26,5684504,1.97,6.65," 96,975,959 ",מסחר ושרותים," 9,953,097 "," 2,660,049 ",26.7258," 378,197 "," 81,129 "," 30,567 "," 889,731 ",7.58,-4.99%,-17.57%,-14.94%,-23.04%,-33.99%,2945,33.11%,1904,2257,0.05%,-15.60%,2086
1080985,ישרוטל," 4,875 ",18.73,2.74,2.17,1780176,14.62,20.58," 59,448,877 ",מסחר ושרותים," 4,290,034 "," 2,272,123 ",52.9628," 366,283 "," 341,145 "," 262,660 "," 35,000 ",1.3,-3.73%,-6.04%,25.71%,15.16%,32.91%,4216,23.81%,7707,8599,6.41%,-4.63%,8519
1081074,איסתא," 1,286 ",10.91,3.41,0.91,376791,31.3,13.56," 17,184,498 ",מסחר ושרותים," 3,675,562 "," 1,527,251 ",41.5515," 51,102 "," 156,280 "," 131,824 "," 20,000 ",0.66,-6.09%,-9.69%,26.30%,3.27%,9.68%,691,20.58%,7127,8175,5.02%,-8.44%,7970
1081124,אלביט מערכות," 33,135 ",39.31,1.45,2.96,6135207,3.7,6.2," 44,476,629 ",טכנולוגיה," 10,257,507 "," 3,011,095 ",29.355," 380,575 "," 238,130 "," 226,737 ",,0.96,-5.43%,-9.78%,-3.36%,-1.46%,74.68%,47693,15.71%,70250,76000,6.05%,-1.97%,74340
1081165,מגדל ביטוח," 4,684 ",7.92,0.15,0.54,32098094,1.84,," 1,053,908,234 ",ביטוח," 208,434,417 "," 8,710,180 ",4.1789,," 897,946 "," 593,088 "," 47,000 ",1.33,-6.83%,-7.01%,3.88%,7.43%,-1.87%,7819,29.78%,433.8,497.9,2.44%,-10.75%,477
1081603,פלסאון תעשיות," 1,353 ",10.42,0.83,1.18,1633288,7.95,10.55," 9,547,955 ",תעשיה," 2,261,909 "," 1,227,543 ",54.2702," 172,271 "," 173,134 "," 128,569 "," 57,288 ",1.12,6.38%,-6.20%,-6.82%,-19.72%,-18.04%,2038,24.53%,13240,14790,7.02%,-4.19%,13320
1081686,סאמיט," 3,184 ",-17.22,3.36,0.7,948695,-19.48,-10.28," 73,922,823 ",נדלן ובניה," 10,808,729 "," 5,174,217 ",47.8707," -97,517 "," -241,153 "," -240,813 "," 12,500 ",0.41,-4.82%,-9.49%,-7.54%,-7.64%,-14.37%,1726,34.81%,4081,4893,5.54%,-11.98%,4525
1081942,שיכון ובינוי," 4,161 ",24.62,0.52,0.82,7993000,2.11,9.95," 547,552,105 ",נדלן ובניה," 27,485,000 "," 6,060,000 ",22.0484," 795,000 "," 558,000 "," 189,000 "," 60,000 ",1.46,-4.05%,-19.28%,-19.99%,3.17%,-61.22%,18458,32.35%,740.4,868,2.65%,-12.44%,802.7
1082312,מג'יק," 1,931 ",14.54,0.99,1.91,523332,6.83,10.93," 49,093,055 ",טכנולוגיה," 536,517 "," 296,485 ",55.2611," 57,188 "," 50,626 "," 35,720 ",,2.75,-10.87%,-0.68%,14.92%,-6.05%,-16.71%,3614,47.82%,3740,4769,5.19%,-17.51%,4414
1082379,טאואר," 15,585 ",8.52,3.01,1.7,1394307,35.27,12.73," 111,003,755 ",טכנולוגיה," 2,976,915 "," 2,462,569 ",82.7222," 177,485 "," 526,402 "," 491,726 ",,,13.27%,18.38%,35.58%,-5.26%,57.95%,25080,27.15%,12070,14030,17.32%,0.93%,12210
1082965,אודיוקודס," 1,125 ",27.4,1.23,1.65,245246,4.5,7.56," 30,204,901 ",טכנולוגיה," 336,133 "," 183,632 ",54.6308," 18,549 "," 17,571 "," 11,045 ",,2.98,-7.96%,-24.91%,-12.44%,15.17%,-62.83%,2336,64.43%,3554,4292,4.81%,-13.21%,4047
1083484,פרטנר," 3,215 ",16.92,0.97,1.59,3330000,5.71,8.8," 186,250,178 ",מסחר ושרותים," 4,827,000 "," 2,018,000 ",41.8065," 293,000 "," 255,000 "," 190,000 ",,,-0.23%,-2.99%,3.56%,12.98%,16.40%,2969,29.12%,1602,1757,7.74%,-1.76%,1730
1084128,דלק קבוצה," 7,859 ",6.04,0.65,0.81,12144000,10.71,36.63," 18,588,973 ",חיפושי נפט וגז," 44,698,000 "," 15,196,000 ",33.997," 4,448,000 "," 3,040,000 "," 2,077,000 "," 120,000 ",9.91,-4.11%,-7.98%,-6.12%,13.59%,195.27%,15354,24.90%,40420,44780,5.84%,-4.47%,44090
1084557,נובה," 22,658 ",43.99,11.55,7.7,527527,26.26,25.35," 29,044,620 ",טכנולוגיה," 1,189,572 "," 791,781 ",66.5602," 133,746 "," 157,454 "," 138,543 ",,,26.57%,27.34%,62.02%,88.92%,137.46%,34022,21.39%,63200,80900,-5.06%,-25.83%,63220
1084698,חילן," 4,784 ",21.41,1.79,4.68,2678668,8.34,11.21," 22,932,677 ",טכנולוגיה," 2,308,144 "," 1,038,573 ",44.996," 300,179 "," 290,209 "," 224,450 "," 22,543 ",1.32,-2.30%,2.14%,10.87%,27.48%,36.25%,13239,17.39%,20300,22450,2.76%,-7.08%,21350
1087022,פוקס," 3,828 ",21.03,0.7,2.44,5476316,3.32,7.84," 13,809,019 ",מסחר ושרותים," 7,909,198 "," 2,236,199 ",28.2734," 429,167 "," 340,498 "," 252,950 "," 317,264 ",2.19,-3.86%,-8.73%,15.76%,1.91%,-20.16%,12093,27.52%,27000,32420,5.19%,-12.40%,29280
1087659,סאפיינס," 6,913 ",28.34,3.55,4.19,524112,12.52,15.36," 55,749,263 ",טכנולוגיה," 683,799 "," 443,502 ",64.8585," 80,497 "," 81,036 "," 65,608 ",,1.73,9.00%,12.56%,31.11%,36.09%,37.54%,8916,34.46%,11000,13000,14.91%,-2.77%,11450
1087824,אל על," 2,061 ",2.43,0.2,-7.86,2741103,8.33,13.82," 411,394,957 ",מסחר ושרותים," 3,695,700 "," -91,200 ",-2.4677," 378,950 "," 250,678 "," 231,581 ",,,-0.62%,-6.57%,75.31%,26.89%,33.29%,37696,36.60%,490.1,554,2.22%,-9.57%,504
1090315,דמרי," 5,331 ",15.87,3.36,2.41,1585380,21.19,33.66," 19,176,091 ",נדלן ובניה," 6,392,663 "," 2,207,344 ",34.5293," 533,660 "," 425,518 "," 335,922 "," 92,000 ",1.81,-3.13%,0.97%,17.87%,35.60%,57.83%,4378,26.81%,27100,31000,2.58%,-10.32%,29420
1091065,מיטרוניקס," 1,995 ",19.69,1.1,2.57,1821102,5.56,11.07," 109,741,762 ",טכנולוגיה," 2,411,844 "," 853,314 ",35.3801," 201,684 "," 143,330 "," 114,817 "," 135,000 ",1.1,-39.72%,-54.69%,-49.44%,-58.10%,-69.77%,12980,122.37%,1705,3390,11.96%,-43.69%,3167
1094044,אלקטרה נדלן," 2,043 ",-5.96,-7.52,1.68,-73063,,," 60,084,208 ",נדלן ובניה," 780,308 "," 332,474 ",42.608," -81,840 "," -114,604 "," -91,680 ",,1.8,-7.03%,-11.62%,-11.26%,-14.06%,-3.83%,2873,23.48%,3358,3748,1.28%,-9.26%,3658
1095264,קמטק," 16,975 ",52.97,13.43,10.29,339928,25.35,21.31," 44,263,483 ",טכנולוגיה," 816,306 "," 443,578 ",54.3397," 72,455 "," 95,173 "," 86,186 ",,1.59,34.43%,34.89%,59.87%,258.25%,213.73%,29136,43.44%,29740,40530,28.95%,-5.38%,30030
1095819,פריון נטוורק," 2,193 ",5.6,0.78,0.8,755825,13.94,15.8," 47,991,344 ",טכנולוגיה," 1,006,451 "," 734,694 ",72.9985," 119,435 "," 123,750 "," 105,396 ",,,-1.78%,-43.16%,-56.92%,-59.69%,-10.46%,10478,32.51%,4203,5225,8.73%,-12.54%,4709
1095835,איירפורט סיטי," 6,734 ",22.25,6.48,0.68,1038772,29.13,55.25," 120,243,460 ",נדלן ובניה," 18,451,003 "," 9,988,993 ",54.1379," 573,907 "," 425,643 "," 306,568 ",,,-4.41%,-11.23%,-9.19%,11.63%,-7.40%,7534,20.00%,5184,6029,8.02%,-7.12%,5764
1097260,ביג," 9,163 ",10.58,3.82,0.83,2399566,36.08,78.47," 24,434,615 ",נדלן ובניה," 36,982,980 "," 12,311,469 ",33.2896," 1,883,011 "," 1,203,663 "," 976,443 "," 200,000 ",1.96,-6.18%,-6.84%,10.48%,22.93%,-4.98%,16412,18.71%,35640,39990,6.62%,-4.98%,38700
1097278,אמות," 6,884 ",9.54,6.16,0.79,1117919,64.52,109.52," 471,500,780 ",נדלן ובניה," 20,443,433 "," 8,768,400 ",42.891," 1,224,324 "," 867,405 "," 721,253 "," 605,088 ",5.61,-8.38%,-16.89%,-18.24%,-11.52%,-15.55%,12904,20.04%,1428,1660.23,3.29%,-11.16%,1582.63
1097948,אפריקה מגורים," 2,774 ",16.2,2.62,1.61,1056838,16.2,22.06," 12,643,536 ",נדלן ובניה," 4,052,813 "," 1,797,416 ",44.3498," 233,117 "," 219,074 "," 171,729 "," 70,000 ",3.53,-4.98%,-7.64%,11.74%,35.85%,43.25%,3690,29.72%,20930,25050,4.83%,-12.42%,23090
1098565,רבוע נדלן," 3,257 ",4.52,5.67,0.93,574061,125.45,169.52," 12,199,163 ",נדלן ובניה," 9,887,922 "," 3,501,958 ",35.4165," 973,135 "," 911,996 "," 720,806 "," 220,000 ",16.39,-5.89%,9.44%,20.93%,40.21%,40.59%,2777,35.48%,25200,29240,5.95%,-8.69%,28370
1098920,ריט 1," 2,714 ",7.21,7.07,0.68,383924,98,137.88," 194,525,510 ",נדלן ובניה," 8,172,160 "," 4,039,498 ",49.43," 529,372 "," 378,862 "," 378,862 "," 137,511 ",5.19,-8.88%,-14.15%,-13.14%,-2.53%,-10.63%,6159,24.38%,1336.57,1585.76,3.62%,-12.66%,1507.95
1100007,פז נפט," 4,075 ",37.05,0.32,1.23,12888000,0.85,5.36," 10,668,831 ",חיפושי נפט וגז," 11,545,000 "," 3,305,000 ",28.6271," 691,000 "," 524,000 "," 110,000 "," 60,000 ",4.01,-1.11%,8.16%,19.80%,57.52%,50.40%,7280,39.57%,32700,38300,16.82%,-0.26%,37810
1101534,סלקום," 2,384 ",24.59,0.53,1.03,1199065.59,2.17,7.3," 165,568,903 ",מסחר ושרותים," 1,824,931 "," 621,230 ",34.0413," 87,528 "," 41,051 "," 26,073 ",,,-10.37%,-5.65%,13.45%,3.79%,14.16%,2460,33.76%,1375,1682,4.73%,-14.39%,1630
1102128,פרשקובסקי," 1,728 ",67.15,4.34,0.96,398485,6.46,18.61," 21,068,551 ",נדלן ובניה," 5,060,361 "," 1,798,866 ",35.5482," 74,146 "," 35,530 "," 25,729 ", -   ,0.92,-6.45%,-12.40%,3.59%,9.78%,-17.31%,2506,25.80%,7800,9000,5.13%,-8.89%,8770
1104249,רמי לוי," 2,852 ",12.12,0.4,5.38,7165668,3.28,4.88," 13,775,583 ",מסחר ושרותים," 4,312,120 "," 601,578 ",13.9509," 349,837 "," 324,137 "," 243,644 "," 211,000 ",6.95,-0.24%,-3.19%,2.23%,0.25%,17.69%,6339,10.61%,19990,21090,3.55%,-1.85%,20820
1104488,מגה אור," 3,876 ",7.35,15.53,1.43,249558,211.41,217.98," 36,602,816 ",נדלן ובניה," 7,713,142 "," 2,826,379 ",36.6437," 543,978 "," 679,226 "," 550,856 "," 120,000 ",2.78,-9.33%,-2.98%,28.03%,33.59%,-10.27%,3004,27.19%,8650,10140,2.91%,-12.21%,9818
1107663,בי קומיונקיישנס," 1,322 ",23262.23,,5.76,,,," 104,162,263 ",מסחר ושרותים," 4,913,612 "," 737,233 ",15.0039,,,,,,-0.70%,-6.48%,-10.27%,6.03%,77.74%,1365,34.79%,1203,1388,5.49%,-8.57%,1278
1109644,סלע נדלן," 1,490 ",8.42,4.02,0.63,370800,47.73,80.53," 222,335,950 ",נדלן ובניה," 5,711,265 "," 2,347,077 ",41.0956," 298,600 "," 177,000 "," 177,000 "," 106,616 ",5.24,-9.24%,-12.39%,-18.55%,3.98%,-6.68%,4719,26.48%,670.2,780.1,0.12%,-13.99%,755.8
1119478,עזריאלי קבוצה," 29,530 ",12.77,9.89,1.29,2985000,77.45,85.36," 121,272,760 ",נדלן ובניה," 53,788,000 "," 22,870,000 ",42.5188," 2,548,000 "," 2,945,000 "," 2,305,000 "," 650,000 ",3.08,-6.97%,-8.75%,8.75%,20.62%,1.16%,30166,21.68%,21920,24780,11.09%,-1.74%,24100
1123355,אנרג'יקס," 8,461 ",49.89,13.74,3.68,615842,27.54,64.22," 549,384,599 ",טכנולוגיה," 10,417,694 "," 2,302,110 ",22.0981," 395,471 "," 137,601 "," 170,288 "," 100,576 ",4.01,8.65%,16.91%,33.53%,35.43%,35.50%,12456,30.38%,1413,1570,8.99%,-1.91%,1410
1123850,קרסו מוטורס," 1,655 ",9.37,0.35,0.88,4680810,3.77,9.23," 89,450,557 ",מסחר ושרותים," 7,170,913 "," 1,888,067 ",26.3295," 431,841 "," 233,958 "," 176,698 "," 200,000 ",10.21,0.06%,3.75%,44.29%,13.43%,61.09%,2396,16.98%,1776,1919,4.17%,-3.60%,1800
1129501,איידיאיי ביטוח," 1,590 ",9.03,0.54,1.74,2921684,6.03,," 14,685,109 ",ביטוח," 6,846,306 "," 912,832 ",13.3332,," 260,239 "," 176,061 "," 110,000 ",7.33,0.28%,-6.96%,20.26%,40.32%,5.58%,4217,23.19%,10470,11710,3.44%,-7.51%,10800
1129543,אופקו הלת'," 3,478 ",-3.71,1.17,0.75,799599,-31.57,-24.9," 682,029,288 ",ביומד," 1,974,016 "," 1,252,808 ",63.4649," -199,113 "," -250,511 "," -252,457 ",,,15.83%,43.29%,-9.33%,2.83%,-57.11%,1628,39.47%,427,535,19.67%,-4.49%,461.9
1131523,מגדלי תיכון," 1,211 ",5.54,5.02,0.95,241563,90.56,157.2," 150,490,898 ",נדלן ובניה," 5,806,372 "," 1,520,543 ",26.1875," 379,743 "," 307,624 "," 237,975 "," 80,000 ",5.97,0.61%,-12.63%,8.11%,9.45%,-0.86%,2268,23.68%,780,872.7,3.21%,-7.76%,800.1
1132315,אשטרום קבוצה," 4,735 ",-456.93,1.01,0.99,4678050,-0.22,6.48," 101,386,326 ",נדלן ובניה," 21,174,731 "," 4,984,234 ",23.5386," 303,134 "," -38,815 "," -4,398 "," 300,000 ",3.64,-10.36%,-20.09%,-11.79%,-6.69%,-31.10%,16835,37.39%,4548,5392,2.24%,-13.76%,5185
1132356,אינרום," 1,587 ",8.76,1.6,1.51,992657,18.25,25.4," 145,742,221 ",תעשיה," 1,641,678 "," 1,054,199 ",64.2147," 252,101 "," 241,133 "," 181,175 "," 33,258 ",1.37,-12.29%,-11.91%,7.52%,-15.38%,-32.45%,4155,35.13%,1050,1258,3.71%,-13.43%,1229
1133875,שפיר הנדסה," 6,825 ",49.1,1.34,2.25,5082000,2.74,9.21," 357,305,612 ",תעשיה," 15,114,000 "," 3,742,000 ",24.7585," 468,000 "," 207,000 "," 164,000 "," 70,000 ",0.75,-7.85%,-13.82%,-15.70%,-23.21%,-24.51%,6398,24.61%,1850,2091,3.68%,-8.27%,2039
1134139,קנון," 4,813 ",-5.49,1.87,1.08,691796,-34.11,5.02," 52,776,671 ",השקעות ואחזקות," 4,108,440 "," 2,070,224 ",50.3895," 34,744 "," 14,731 "," -235,978 ",,14.65,9.73%,22.68%,33.85%,18.03%,40.77%,5194,23.59%,8292,9486,9.99%,-3.86%,8551
1134402,אורמת טכנו," 16,829 ",33.79,5.21,1.92,868358,15.43,19.84," 56,095,918 ",טכנולוגיה," 5,516,844 "," 2,486,631 ",45.0734," 172,268 "," 136,384 "," 133,957 ",,0.51,13.07%,20.62%,11.59%,-10.97%,25.88%,17522,22.25%,24412.27,27500,22.89%,9.09%,24242.46
1140573,מניבים ריט," 1,250 ",8.29,5.97,0.78,209471,71.96,99.3," 746,724,963 ",נדלן ובניה," 3,412,535 "," 1,592,519 ",46.6667," 208,000 "," 150,743 "," 150,743 "," 76,000 ",7.17,-0.30%,-4.06%,2.50%,14.30%,-5.30%,2808,27.25%,161,177.6,4.91%,-4.90%,167.9
1141357,תמר פטרוליום," 1,912 ",9.28,2.17,1.29,237416,23.34,41.65," 88,495,576 ",חיפושי נפט וגז," 1,215,402 "," 397,196 ",32.6802," 98,890 "," 66,249 "," 55,404 "," 12,000 ",4.9,-0.23%,13.50%,44.36%,113.45%,417.80%,1526,20.70%,2041,2177,5.88%,-0.73%,2166
1141571,או פי סי אנרגיה," 7,856 ",79.35,2.94,2.02,2671000,3.71,15.69," 224,444,498 ",חיפושי נפט וגז," 12,580,000 "," 5,274,000 ",41.9237," 419,000 "," 179,000 "," 105,000 "," 200,000 ",,0.03%,12.35%,24.07%,26.91%,-15.34%,6913,28.26%,2718,3030,28.77%,15.51%,2869
1141969,נאוויטס פטר יהש," 3,923 ",168.64,11.58,2.79,91097,6.87,25.82," 99,838,252 ",חיפושי נפט וגז," 1,336,809 "," 450,534 ",33.7022," 23,519 "," 22,465 "," 17,116 ",,,2.05%,-5.69%,24.94%,116.64%,112.89%,9961,41.51%,3630,4399,8.24%,-10.68%,3850
1143429,פתאל החזקות," 6,821 ",87.33,0.96,2.1,7088817,1.1,16.57," 16,436,727 ",מסחר ושרותים," 27,100,482 "," 3,337,926 ",12.3169," 1,174,527 "," 99,996 "," 78,711 "," 60,000 ",1.01,-6.32%,-13.03%,10.34%,27.44%,21.37%,17336,25.57%,41500,47900,2.87%,-10.88%,45570
1155290,אנרג'יאן," 10,457 ",70.28,9.16,19.43,1142054.54,13.03,41.8," 183,480,959 ",חיפושי נפט וגז," 4,536,920 "," 538,214 ",11.863," 477,365 "," 276,871 "," 148,775 ",,8.55,6.89%,18.95%,21.16%,17.28%,73.12%,15231,16.38%,5156,5624,13.62%,4.16%,5211
1157403,ישראכרט," 2,546 ",9.75,0.81,0.84,3138000,8.32,11.19," 200,439,020 ",שירותים פיננסים," 24,322,000 "," 3,034,000 ",12.4743," 351,000 "," 351,000 "," 262,000 "," 147,798 ",2.98,-5.25%,-7.43%,-11.18%,-15.10%,7.62%,14295,33.14%,1240,1392,2.42%,-8.76%,1353
1159029,הבורסה לניע בתא," 2,357 ",28.25,5.92,3.74,398132,20.96,15.39," 92,444,048 ",שירותים פיננסים," 2,757,310 "," 630,705 ",22.8739," 61,289 "," 111,441 "," 83,435 "," 22,735 ",13.1,4.29%,5.64%,47.66%,72.08%,53.39%,5336,28.21%,2396,2695,6.43%,-5.38%,2445
1161264,יוחננוף," 2,812 ",18.81,0.67,2.08,4169806,3.58,6.6," 14,487,860 ",מסחר ושרותים," 4,083,687 "," 1,375,922 ",33.6931," 275,303 "," 196,247 "," 150,626 "," 100,048 ",3.36,0.26%,12.75%,43.46%,21.14%,6.31%,1195,23.66%,18780,20170,3.35%,-3.77%,19360
1166768,דוראל אנרגיה," 1,948 ",-40.29,16.26,0.98,119848,-40.35,-63.28," 177,754,863 ",טכנולוגיה," 4,579,274 "," 2,003,870 ",43.7596," -75,842 "," -74,450 "," -68,254 ",,,3.10%,42.11%,93.35%,49.10%,-24.30%,2623,35.56%,1001,1124,9.49%,-2.49%,1066
1166974,משק אנרגיה," 1,990 ",189.58,23.98,0.83,82982,12.65,16.78," 710,578,357 ",חיפושי נפט וגז," 3,503,682 "," 2,379,731 ",67.9209," 13,923 "," 3,181 "," 9,800 ",,,5.99%,-7.78%,-0.15%,-29.18%,-24.79%,1806,26.74%,240,278.8,16.67%,0.43%,262
1168186,מימון ישיר," 1,546 ",11.82,1.13,1.2,1364049,9.58,15.29," 2,956,844 ",שירותים פיננסים," 8,280,413 "," 1,321,493 ",15.9593," 208,552 "," 208,459 "," 131,642 "," 104,253 ",5.08,6.63%,8.98%,39.71%,23.73%,-8.58%,4305,20.54%,47030,54360,11.14%,-3.84%,49020
1168533,מספנות ישראל," 1,517 ",20.1,1.08,1.67,1402766,5.38,7.32," 25,000,000 ",השקעות ואחזקות," 1,706,327 "," 916,824 ",53.7308," 102,614 "," 93,341 "," 74,044 "," 30,000 ",0.94,-6.52%,-15.48%,-12.86%,-13.99%,-5.23%,382,26.66%,5978,6825,1.52%,-11.08%,6492
1170877,נופר אנרג'י," 3,202 ",-38.41,11.06,1.78,289583,-28.78,-27.02," 35,540,512 ",טכנולוגיה," 6,181,984 "," 2,722,716 ",44.0428," -78,242 "," -140,195 "," -109,408 ",,,-0.12%,0.25%,3.12%,2.70%,-3.98%,3390,35.87%,8201,9215,9.85%,-2.24%,9111
1173137,דניה סיבוס," 2,328 ",12.31,0.43,3.05,5455713,3.47,3.72," 31,334,889 ",נדלן ובניה," 2,691,746 "," 763,562 ",28.3668," 202,833 "," 238,293 "," 189,070 "," 120,000 ",2.69,-10.22%,-16.79%,-19.93%,-8.51%,16.31%,2882,23.87%,7298.18,8623.51,1.81%,-13.84%,8275.46
1173699,דלתא מותגים," 1,600 ",11.93,1.63,2.78,984615,13.63,17.59," 25,000,000 ",מסחר ושרותים," 1,163,705 "," 575,203 ",49.4286," 173,231 "," 172,975 "," 134,161 "," 56,244 ",5.01,9.76%,12.41%,69.89%,76.80%,13.69%,3007,40.88%,5543.94,6800,15.46%,-5.87%,5832.07
1175116,נאייקס," 3,432 ",-60.24,3.74,5.83,247048,-6.2,-3.51," 35,900,672 ",טכנולוגיה," 403,878 "," 158,187 ",39.167," -8,683 ",," -15,323 ",,,-4.31%,-4.67%,31.27%,48.09%,-3.36%,8088,51.02%,8718,11120,11.84%,-12.32%,9990
1175488,ריטיילורס," 3,694 ",29.74,1.87,4.14,1977218,6.28,9.52," 48,493,890 ",מסחר ושרותים," 2,814,963 "," 904,746 ",32.1406," 188,238 "," 165,359 "," 125,468 "," 36,430 ",3.3,-4.85%,-7.85%,12.94%,10.83%,38.19%,4500,41.29%,7362,9067,3.46%,-15.99%,8005
1175611,תורפז," 1,758 ",37.96,3.49,4.3,135457,9.2,14.38," 100,368,861 ",תעשיה," 286,313 "," 115,067 ",40.1892," 19,473 "," 16,036 "," 13,195 ",,0.95,-5.04%,30.99%,65.26%,75.49%,40.03%,3648,39.67%,1652,1845,6.05%,-5.04%,1845
1176205,קבוצת אקרשטיין," 1,524 ",17.46,1.56,1.36,976518,8.93,12.68," 287,510,000 ",תעשיה," 1,832,785 "," 1,118,113 ",61.0062," 123,841 "," 109,072 "," 87,366 "," 25,000 ",3.38,-11.63%,14.67%,17.05%,34.93%,%,1278,42.02%,529.5,642,0.09%,-17.45%,599.2
1176387,ורידיס," 2,612 ",-23.45,0.98,1.43,2670067,-4.17,2.05," 145,165,310 ",טכנולוגיה," 5,613,321 "," 1,824,680 ",32.5062," 54,688 "," -128,477 "," -120,586 "," 32,000 ",0.77,11.95%,-8.41%,-14.06%,9.01%,%,1800,55.82%,1598,1828,12.58%,-1.59%,1607
1176593,נקסט ויז'ן," 4,557 ",32.23,17.35,15.05,70645,53.84,57.29," 79,260,350 ",טכנולוגיה," 96,508 "," 81,426 ",84.3723," 40,473 "," 43,784 "," 38,038 ",,1.34,13.77%,32.46%,106.66%,290.18%,%,20291,39.46%,4918,5926,16.10%,-3.64%,5019
1184902,אקרו," 2,235 ",86.1,2.56,1.23,872224,2.98,10.05," 61,160,841 ",נדלן ובניה," 6,213,737 "," 2,135,926 ",34.3743," 87,659 "," 57,157 "," 42,423 "," 25,000 ",0.36,-9.03%,-19.97%,-3.06%,37.62%,%,1674,34.98%,3512,4300,4.07%,-15.00%,4018
1187962,קרסו נדלן," 1,403 ",62.68,3.14,1.09,446327,5.02,18.7," 54,158,516 ",נדלן ובניה," 3,836,633 "," 1,307,598 ",34.0819," 83,464 "," 22,493 "," 22,565 ",,,-3.28%,-9.56%,-2.68%,13.56%,%,789,36.01%,2446,2789,5.93%,-7.10%,2679
1188242,שוב אנרגיה," 2,512 ",18.37,21.15,1.41,118796,115.09,174.42," 916,776,440 ",חיפושי נפט וגז," 4,933,008 "," 1,777,240 ",36.0275," 207,207 "," 233,793 "," 136,634 ",,,5.71%,-6.01%,5.71%,-13.22%,%,739,30.30%,252.5,276.9,8.51%,-1.05%,255.6
1202977,ישרס אחזקות," 1,922 ",,,0.68,,,," 6,401,362 ",נדלן ובניה," 9,848,602 "," 4,896,547 ",49.7182,,,,,,2.60%,0.33%,%,%,%,2380,35.28%,27880,32850,7.71%,-8.58%,29270
2590248,בזן," 3,128 ",3.35,0.1,0.47,8259104,3.04,4.73," 3,128,222,577 ",חיפושי נפט וגז," 4,634,188 "," 1,771,885 ",38.2351," 390,668 "," 305,303 "," 251,426 ",,16.62,-8.73%,-24.37%,-5.14%,16.53%,72.20%,9379,34.17%,95.5,111,4.71%,-9.91%,110
5010129,אלקטרה צריכה," 1,833 ",-25.4,0.27,2.89,6758536,-1.07,0.74," 23,204,048 ",מסחר ושרותים," 7,929,768 "," 1,032,417 ",13.0195," 49,779 "," -163,138 "," -226,344 "," 60,000 ",,-1.10%,-11.40%,8.45%,-14.04%,-50.71%,1956,39.10%,7031,8310,12.36%,-4.93%,7988
